{"cameraMode":{"drawMode":0,"name":"Shaded","section":"Shading Mode"},"sceneLighting":true,"audioPlay":false,"sceneViewState":{"m_AlwaysRefresh":false,"showFog":true,"showSkybox":true,"showFlares":true,"showImageEffects":true,"showParticleSystems":true,"showVisualEffectGraphs":true,"m_FxEnabled":true},"in2DMode":false,"pivot":{"x":395.92205810546877,"y":215.6053466796875,"z":-40.03925323486328},"rotation":{"x":-0.06436754763126373,"y":-0.05206217244267464,"z":0.003362711751833558,"w":-0.9965628385543823},"size":365.52313232421877,"orthographic":false}