{"cameraMode":{"drawMode":0,"name":"Shaded","section":"Shading Mode"},"sceneLighting":true,"audioPlay":false,"sceneViewState":{"m_AlwaysRefresh":false,"showFog":true,"showSkybox":true,"showFlares":true,"showImageEffects":true,"showParticleSystems":true,"showVisualEffectGraphs":true,"m_FxEnabled":true},"in2DMode":false,"pivot":{"x":8.690483093261719,"y":-4.934091567993164,"z":20.570812225341798},"rotation":{"x":-0.09956302493810654,"y":-0.24456292390823365,"z":0.02525663748383522,"w":-0.9641856551170349},"size":15.455276489257813,"orthographic":false}