{"cameraMode":{"drawMode":0,"name":"Shaded","section":"Shading Mode"},"sceneLighting":true,"audioPlay":false,"sceneViewState":{"m_AlwaysRefresh":false,"showFog":true,"showSkybox":true,"showFlares":true,"showImageEffects":true,"showParticleSystems":true,"showVisualEffectGraphs":true,"m_FxEnabled":true},"in2DMode":false,"pivot":{"x":-0.00039970874786376953,"y":0.4032370448112488,"z":-0.003594517707824707},"rotation":{"x":-0.14609567821025849,"y":0.6834601163864136,"z":-0.1424623727798462,"w":-0.7008930444717407},"size":5.451426029205322,"orthographic":false}