{"cameraMode":{"drawMode":0,"name":"Shaded","section":"Shading Mode"},"sceneLighting":true,"audioPlay":false,"sceneViewState":{"m_AlwaysRefresh":false,"showFog":false,"showSkybox":true,"showFlares":true,"showImageEffects":true,"showParticleSystems":true,"showVisualEffectGraphs":true,"m_FxEnabled":true},"in2DMode":false,"pivot":{"x":0.2056002914905548,"y":0.527237057685852,"z":-0.21912001073360444},"rotation":{"x":-0.20388786494731904,"y":-0.32198408246040347,"z":0.07078884541988373,"w":-0.9220166802406311},"size":0.3866029381752014,"orthographic":false}