{"cameraMode":{"drawMode":0,"name":"Shaded","section":"Shading Mode"},"sceneLighting":true,"audioPlay":false,"sceneViewState":{"m_AlwaysRefresh":false,"showFog":true,"showSkybox":true,"showFlares":true,"showImageEffects":true,"showParticleSystems":true,"showVisualEffectGraphs":true,"m_FxEnabled":true},"in2DMode":false,"pivot":{"x":0.08018584549427033,"y":0.7186112999916077,"z":-0.07920625805854798},"rotation":{"x":-0.43821486830711367,"y":0.11264082044363022,"z":-0.05605192855000496,"w":-0.8902260661125183},"size":0.4010925889015198,"orthographic":false}