{"cameraMode":{"drawMode":0,"name":"Shaded","section":"Shading Mode"},"sceneLighting":true,"audioPlay":false,"sceneViewState":{"m_AlwaysRefresh":false,"showFog":false,"showSkybox":true,"showFlares":true,"showImageEffects":true,"showParticleSystems":true,"showVisualEffectGraphs":true,"m_FxEnabled":true},"in2DMode":false,"pivot":{"x":1.102068305015564,"y":-0.000004953942607244244,"z":0.17333205044269563},"rotation":{"x":-0.11014540493488312,"y":-0.887291431427002,"z":0.27885517477989199,"w":-0.3504965603351593},"size":6.999998092651367,"orthographic":false}