{"cameraMode":{"drawMode":0,"name":"Shaded","section":"Shading Mode"},"sceneLighting":true,"audioPlay":false,"sceneViewState":{"m_AlwaysRefresh":false,"showFog":false,"showSkybox":true,"showFlares":true,"showImageEffects":true,"showParticleSystems":true,"showVisualEffectGraphs":true,"m_FxEnabled":true},"in2DMode":false,"pivot":{"x":0.08018584549427033,"y":0.7186112999916077,"z":-0.07920625805854798},"rotation":{"x":-0.10997993499040604,"y":-0.25777915120124819,"z":0.029130207374691964,"w":-0.9596728086471558},"size":0.4010925889015198,"orthographic":false}