{"cameraMode":{"drawMode":0,"name":"Shaded","section":"Shading Mode"},"sceneLighting":true,"audioPlay":false,"sceneViewState":{"m_AlwaysRefresh":false,"showFog":true,"showSkybox":true,"showFlares":true,"showImageEffects":true,"showParticleSystems":true,"showVisualEffectGraphs":true,"m_FxEnabled":true},"in2DMode":false,"pivot":{"x":0.01778251677751541,"y":0.5723575353622437,"z":-0.09351800382137299},"rotation":{"x":-0.12349294126033783,"y":-0.4599880278110504,"z":0.0639568343758583,"w":-0.8771706223487854},"size":0.8380774855613709,"orthographic":false}