{"cameraMode":{"drawMode":0,"name":"Shaded","section":"Shading Mode"},"sceneLighting":true,"audioPlay":false,"sceneViewState":{"m_AlwaysRefresh":false,"showFog":true,"showSkybox":true,"showFlares":true,"showImageEffects":true,"showParticleSystems":true,"showVisualEffectGraphs":true,"m_FxEnabled":true},"in2DMode":false,"pivot":{"x":-0.0072670578956604,"y":0.5323871970176697,"z":-0.0748438835144043},"rotation":{"x":0.01734829880297184,"y":-0.8185449838638306,"z":0.024471815675497056,"w":0.5737338662147522},"size":0.22881682217121125,"orthographic":false}