{"cameraMode":{"drawMode":0,"name":"Shaded","section":"Shading Mode"},"sceneLighting":true,"audioPlay":false,"sceneViewState":{"m_AlwaysRefresh":false,"showFog":true,"showSkybox":true,"showFlares":true,"showImageEffects":true,"showParticleSystems":true,"showVisualEffectGraphs":true,"m_FxEnabled":true},"in2DMode":false,"pivot":{"x":0.14000022411346436,"y":-0.5499998331069946,"z":3.380000114440918},"rotation":{"x":0.08515787869691849,"y":0.8522644639015198,"z":-0.14735110104084016,"w":0.4949330985546112},"size":13.998085975646973,"orthographic":false}