{"cameraMode":{"drawMode":0,"name":"Shaded","section":"Shading Mode"},"sceneLighting":true,"audioPlay":false,"sceneViewState":{"m_AlwaysRefresh":false,"showFog":false,"showSkybox":true,"showFlares":true,"showImageEffects":true,"showParticleSystems":true,"showVisualEffectGraphs":true,"m_FxEnabled":true},"in2DMode":false,"pivot":{"x":0.2671489715576172,"y":-0.3686375617980957,"z":16.317119598388673},"rotation":{"x":-0.14485882222652436,"y":-0.05801776796579361,"z":0.0068354057148098949,"w":-0.9879243969917297},"size":14.968965530395508,"orthographic":false}