{"cameraMode":{"drawMode":0,"name":"Shaded","section":"Shading Mode"},"sceneLighting":true,"audioPlay":false,"sceneViewState":{"m_AlwaysRefresh":false,"showFog":false,"showSkybox":true,"showFlares":true,"showImageEffects":true,"showParticleSystems":true,"showVisualEffectGraphs":true,"m_FxEnabled":true},"in2DMode":false,"pivot":{"x":1.102068305015564,"y":-0.000004953942607244244,"z":0.17333205044269563},"rotation":{"x":-0.11376737803220749,"y":-0.838497519493103,"z":0.19192463159561158,"w":-0.49717098474502566},"size":3.099996566772461,"orthographic":false}