{"cameraMode":{"drawMode":0,"name":"Shaded","section":"Shading Mode"},"sceneLighting":true,"audioPlay":false,"sceneViewState":{"m_AlwaysRefresh":false,"showFog":false,"showSkybox":true,"showFlares":true,"showImageEffects":true,"showParticleSystems":true,"showVisualEffectGraphs":true,"m_FxEnabled":true},"in2DMode":false,"pivot":{"x":1.102068305015564,"y":-0.000004953942607244244,"z":0.17333205044269563},"rotation":{"x":-0.06256727874279022,"y":0.9367605447769165,"z":-0.22116193175315858,"w":-0.26405730843544009},"size":3.7236907482147219,"orthographic":false}