{"cameraMode":{"drawMode":0,"name":"Shaded","section":"Shading Mode"},"sceneLighting":true,"audioPlay":false,"sceneViewState":{"m_AlwaysRefresh":false,"showFog":true,"showSkybox":true,"showFlares":true,"showImageEffects":true,"showParticleSystems":true,"showVisualEffectGraphs":true,"m_FxEnabled":true},"in2DMode":false,"pivot":{"x":-0.13428519666194917,"y":0.8843338489532471,"z":-0.060571908950805667},"rotation":{"x":-0.0044313641265034679,"y":0.09449823200702667,"z":-0.0009187525720335543,"w":-0.9956979751586914},"size":0.6173206567764282,"orthographic":false}