{"cameraMode":{"drawMode":0,"name":"Shaded","section":"Shading Mode"},"sceneLighting":true,"audioPlay":false,"sceneViewState":{"m_AlwaysRefresh":false,"showFog":false,"showSkybox":true,"showFlares":true,"showImageEffects":true,"showParticleSystems":true,"showVisualEffectGraphs":true,"m_FxEnabled":true},"in2DMode":false,"pivot":{"x":0.12954801321029664,"y":0.8479458689689636,"z":0.0019697099924087526},"rotation":{"x":-0.5572109222412109,"y":0.01164072286337614,"z":-0.009708340279757977,"w":-0.8304629325866699},"size":0.15033571422100068,"orthographic":false}