{"cameraMode":{"drawMode":0,"name":"Shaded","section":"Shading Mode"},"sceneLighting":true,"audioPlay":false,"sceneViewState":{"m_AlwaysRefresh":false,"showFog":false,"showSkybox":true,"showFlares":true,"showImageEffects":true,"showParticleSystems":true,"showVisualEffectGraphs":true,"m_FxEnabled":true},"in2DMode":false,"pivot":{"x":53.69832229614258,"y":1.5558347702026368,"z":10.136709213256836},"rotation":{"x":-0.6447173953056336,"y":-0.00818413682281971,"z":0.00413774186745286,"w":-0.7646360397338867},"size":13.803940773010254,"orthographic":false}