{"cameraMode":{"drawMode":0,"name":"Shaded","section":"Shading Mode"},"sceneLighting":true,"audioPlay":false,"sceneViewState":{"m_AlwaysRefresh":false,"showFog":false,"showSkybox":true,"showFlares":true,"showImageEffects":true,"showParticleSystems":true,"showVisualEffectGraphs":true,"m_FxEnabled":true},"in2DMode":false,"pivot":{"x":0.9092390537261963,"y":1.302469253540039,"z":0.2515944838523865},"rotation":{"x":0.05097430944442749,"y":0.013440950773656369,"z":-0.0006993591086938977,"w":0.9986662268638611},"size":0.14140796661376954,"orthographic":false}