{"cameraMode":{"drawMode":0,"name":"Shaded","section":"Shading Mode"},"sceneLighting":true,"audioPlay":false,"sceneViewState":{"m_AlwaysRefresh":false,"showFog":true,"showSkybox":true,"showFlares":true,"showImageEffects":true,"showParticleSystems":true,"showVisualEffectGraphs":true,"m_FxEnabled":true},"in2DMode":false,"pivot":{"x":0.01778251677751541,"y":0.5723575353622437,"z":-0.09351800382137299},"rotation":{"x":-0.02839137427508831,"y":-0.11213354766368866,"z":0.0025537230540066959,"w":-0.9934653639793396},"size":0.5380774736404419,"orthographic":false}